horodatage;utilisateur;type;source;cible;avant;apres;motif;signature;precedent;empreinte
2026-09-27 03:48:41.922;operateur;Connexion;démarrage;operateur;;utilisateur de départ;;;0000000000000000000000000000000000000000000000000000000000000000;5f59d849c8f725226e0d0909200b8e8e5e6c5ac8f23a29c3df188fdc17eb182f
2026-09-27 03:48:42.973;operateur;Connexion;démarrage;operateur;;utilisateur de départ;;;5f59d849c8f725226e0d0909200b8e8e5e6c5ac8f23a29c3df188fdc17eb182f;a625ea18fd32cbd1d178345312e688cea8474d7b458c5da1b9ed9ea4fb0794a0
2026-09-27 03:48:45.273;operateur;Signature;Vue_Commandes/Btn_Purge;Vanne_Purge : FAUX → VRAI;;;Purge avant intervention;operateur;a625ea18fd32cbd1d178345312e688cea8474d7b458c5da1b9ed9ea4fb0794a0;739560a1ed85884159182e51eb05b576bbde5997fbf4e3f300745aa77d8895fc
2026-09-27 03:48:45.273;operateur;Écriture;Vue_Commandes/Btn_Purge;Vanne_Purge;FALSE;TRUE;Purge avant intervention;operateur;739560a1ed85884159182e51eb05b576bbde5997fbf4e3f300745aa77d8895fc;0821b83a6e8851b032856796b288ed67001d70be2747199ac13ea783b4c797d6
2026-09-27 03:48:46.406;operateur;Signature;Vue_Commandes/Potar_Pression;Consigne_Pression : 12 → 28;;;Réglage process;operateur + visa admin;0821b83a6e8851b032856796b288ed67001d70be2747199ac13ea783b4c797d6;d1dfdb610be6c6dfd76b7c604592110f3d2e4e5d1d3aba5554c72a8f7a201858
2026-09-27 03:48:46.406;operateur;Écriture;Vue_Commandes/Potar_Pression;Consigne_Pression;12;28;Réglage process;operateur + visa admin;d1dfdb610be6c6dfd76b7c604592110f3d2e4e5d1d3aba5554c72a8f7a201858;3b022ff6f60eafb21280237717c949a6e8c5be5d7cc227a69fa2b4d2395bd2e7
2026-09-27 03:48:47.840;operateur;Déconnexion;menu de connexion;operateur;;;;;3b022ff6f60eafb21280237717c949a6e8c5be5d7cc227a69fa2b4d2395bd2e7;b6f0b93f57620ec49bebc7a8b3e537db395e12706f7c9344da14b091644dd6b5
2026-09-27 03:48:48.073;;Connexion refusée;Menu de connexion;operateur;;;mot de passe incorrect (encore 2 essais avant le verrouillage);;b6f0b93f57620ec49bebc7a8b3e537db395e12706f7c9344da14b091644dd6b5;9a7e1b62133a58b1e8f3153d0ab9979817f057602dbeb6c8fa23fefbf4e2ef92
2026-09-27 03:48:48.240;;Connexion refusée;Menu de connexion;operateur;;;mot de passe incorrect (encore 1 essai avant le verrouillage);;9a7e1b62133a58b1e8f3153d0ab9979817f057602dbeb6c8fa23fefbf4e2ef92;6a76b3b86695d30951910465522917e7c6db0b3c0ee6df73c491b266dd5ef80c
2026-09-27 03:48:48.406;;Verrouillage;IHM;operateur;actif;verrouillé jusqu'à 04:03;3 échecs de suite;;6a76b3b86695d30951910465522917e7c6db0b3c0ee6df73c491b266dd5ef80c;5325b3fc733c3c7b4ffc900bca962e0610037b6de8cca5e88422a83f159dba99
2026-09-27 03:48:48.406;;Connexion refusée;Menu de connexion;operateur;;;mot de passe incorrect — compte verrouillé jusqu'à 04:03;;5325b3fc733c3c7b4ffc900bca962e0610037b6de8cca5e88422a83f159dba99;486a6095bb1260d8b879716b1b80df7b328bf35f042d0a4b05771dedbebea972
2026-09-27 03:48:48.873;admin;Connexion;Menu de connexion;admin;;Administrateur, niveau 4;;;486a6095bb1260d8b879716b1b80df7b328bf35f042d0a4b05771dedbebea972;cd70d12464bb54dfe36de285566645186c98a6cd801a03867873c948773af1b2
2026-09-27 03:48:49.640;admin;Déverrouillage;Menu de connexion;operateur;verrouillé;actif;;;cd70d12464bb54dfe36de285566645186c98a6cd801a03867873c948773af1b2;fe1cb3178629a7eb8a2aaa28488a8aef24cfcbfcace1b3fdebbbed4f74adc48c
2026-09-27 03:48:50.240;admin;Mot de passe;dialogue;nuit;;donné par un administrateur (à changer à la connexion);;;fe1cb3178629a7eb8a2aaa28488a8aef24cfcbfcace1b3fdebbbed4f74adc48c;b0d6d88f48e32cfba13e71e582bd0edf81e6eb9286b80fdde31d128dd2ee79b0
2026-09-27 03:48:50.806;admin;Déconnexion;menu de connexion;admin;;;;;b0d6d88f48e32cfba13e71e582bd0edf81e6eb9286b80fdde31d128dd2ee79b0;708d3f5e1a0dcdff6d57fb7a43d51ff3ca363d79fb204eaa2aafe227aade18c8
2026-09-27 03:48:51.740;;Mot de passe;Menu de connexion;nuit;;renouvelé par nuit;;;708d3f5e1a0dcdff6d57fb7a43d51ff3ca363d79fb204eaa2aafe227aade18c8;edb2baccde282b0453e10204fa8e204ef144df1ecc3c73d46fb92ad134b2853c
2026-09-27 03:48:51.740;nuit;Connexion;Menu de connexion (renouvellement);nuit;;Opérateur, niveau 1;;;edb2baccde282b0453e10204fa8e204ef144df1ecc3c73d46fb92ad134b2853c;675c67d4c9aa0f9462d4146666f239a98eca98e85ca760f3a45fb3d139b0f8e2
2026-09-27 03:48:52.673;nuit;Déconnexion;menu de connexion;nuit;;;;;675c67d4c9aa0f9462d4146666f239a98eca98e85ca760f3a45fb3d139b0f8e2;9b738b18da20ab6a403a9ca46f4f484a273deef538da013f99d66eed21fe5cd4
2026-09-27 03:48:53.240;admin;Connexion;Menu de connexion;admin;;Administrateur, niveau 4;;;9b738b18da20ab6a403a9ca46f4f484a273deef538da013f99d66eed21fe5cd4;f038c3fe532ad4e18ee1fec7d85378702b6058dcef8191444db9951f5449d7d7
2026-09-27 03:48:53.806;admin;Accès;Menu de connexion;déconnexion automatique;jamais;1 min;;;f038c3fe532ad4e18ee1fec7d85378702b6058dcef8191444db9951f5449d7d7;6cb952f31c03f4ec01af6acad7e67ea7dc5ea73c2b18d358b1b851a58390ebe4
2026-09-27 03:48:55.740;admin;Accès;Menu de connexion;déconnexion automatique;1 min;jamais;;;6cb952f31c03f4ec01af6acad7e67ea7dc5ea73c2b18d358b1b851a58390ebe4;eeb61fec9b3a5a4bf1df0cf4b40e1e00f699b4c127239a797484fd257d2cbc5a
2026-09-27 03:48:56.073;admin;Déconnexion;badge (operateur);admin;;;;;eeb61fec9b3a5a4bf1df0cf4b40e1e00f699b4c127239a797484fd257d2cbc5a;e0c1c311327eb63ad8ef84032b15b41cf81bb3c1930682cbed54dfb642a00f5a
2026-09-27 03:48:56.073;operateur;Connexion;badge;operateur;;Opérateur, niveau 1;;;e0c1c311327eb63ad8ef84032b15b41cf81bb3c1930682cbed54dfb642a00f5a;9ae521a91e3751d2cbe4b989a023f2bd50246af928dd52c5cb2376b8cb0fbd46
2026-09-27 03:49:12.333;operateur;Connexion;démarrage;operateur;;utilisateur de départ;;;9ae521a91e3751d2cbe4b989a023f2bd50246af928dd52c5cb2376b8cb0fbd46;e63d8100c2e5bce0eb41c18fd5e7fe9ab63838e057fa17e53be0928d3c6f0993
2026-09-27 03:49:13.533;operateur;Signature;Vue_Commandes/Btn_Purge;Vanne_Purge : FAUX → VRAI;;;Purge avant intervention;operateur;e63d8100c2e5bce0eb41c18fd5e7fe9ab63838e057fa17e53be0928d3c6f0993;1f7a27913d18b85270794432cf219a31fe98e89eb826986745734b6ec37e5c4a
2026-09-27 03:49:13.533;operateur;Écriture;Vue_Commandes/Btn_Purge;Vanne_Purge;FALSE;TRUE;Purge avant intervention;operateur;1f7a27913d18b85270794432cf219a31fe98e89eb826986745734b6ec37e5c4a;aa70b9d0c015f9a9b0b686cc24b7f038ae12b8a3044d65bbeef2509115335926
2026-09-27 03:49:15.333;operateur;Signature;Vue_Commandes/Btn_Purge;Vanne_Purge : VRAI → FAUX;;;Essai;operateur;aa70b9d0c015f9a9b0b686cc24b7f038ae12b8a3044d65bbeef2509115335926;de32f7d62f7e352eb8175aadb01d0409f0ac611b5750dc427409abadeee29ea8
2026-09-27 03:49:15.333;operateur;Écriture;Vue_Commandes/Btn_Purge;Vanne_Purge;TRUE;FALSE;Essai;operateur;de32f7d62f7e352eb8175aadb01d0409f0ac611b5750dc427409abadeee29ea8;cc643f1f0cce3d3b9adb993918233e7e7092fdd5394f206ae5dbc863fe0f75f3
2026-09-27 03:49:37.305;operateur;Connexion;démarrage;operateur;;utilisateur de départ;;;cc643f1f0cce3d3b9adb993918233e7e7092fdd5394f206ae5dbc863fe0f75f3;62139943fbcb3d00e6da01e145d0394484c384bb8c96afffbabb0bfe2fdbf660
2026-09-27 03:49:42.738;operateur;Écriture;Vue_Synoptique/Inter_Ligne;Marche_Ligne;TRUE;FALSE;;;62139943fbcb3d00e6da01e145d0394484c384bb8c96afffbabb0bfe2fdbf660;43aa648f33053245d2489967261f930dc426178557d619794d47256ec5129202
2026-09-27 03:49:42.938;operateur;Écriture;Vue_Synoptique/Case_Colmatage;Defaut_Filtre;FALSE;TRUE;;;43aa648f33053245d2489967261f930dc426178557d619794d47256ec5129202;dcad8f3eae8ef7d09160497587897e02f42477602863c95285503e03fa6f7d45
2026-09-27 03:49:43.638;operateur;Écriture;Vue_Synoptique/Case_Colmatage;Defaut_Filtre;TRUE;FALSE;;;dcad8f3eae8ef7d09160497587897e02f42477602863c95285503e03fa6f7d45;c4f94e8f0d47175a862f7bb9b44726f6dbad930a703b2d616011ab454313c04b
2026-09-27 03:50:10.063;operateur;Connexion;démarrage;operateur;;utilisateur de départ;;;c4f94e8f0d47175a862f7bb9b44726f6dbad930a703b2d616011ab454313c04b;b817273eadbed61d2622f4a2347684d9982d26b69374712caa12f94fb755146e
2026-09-27 03:50:11.696;operateur;Écriture;Vue_Communication/Curseur_Modifs;NomArmoireModifs[3];0;42;;;b817273eadbed61d2622f4a2347684d9982d26b69374712caa12f94fb755146e;6e103ce9fa67bca576fc8afdae85facb9062976f0b87a4a6153b27a7e31a4cb9
2026-09-27 03:50:12.063;operateur;Écriture;Vue_Communication/Inter_Active_A;Armoires[0].active;FALSE;TRUE;;;6e103ce9fa67bca576fc8afdae85facb9062976f0b87a4a6153b27a7e31a4cb9;105885c422823d4cfb428e5fc865c1dfa3d3e5663353491ee0b875f1bf5e0fa2
2026-09-27 03:50:42.975;operateur;Connexion;démarrage;operateur;;utilisateur de départ;;;105885c422823d4cfb428e5fc865c1dfa3d3e5663353491ee0b875f1bf5e0fa2;8ebfef45932cb814c8032c3108ad2493d7dfeede55cafac8843f3a8b6f650270
2026-09-27 03:50:53.644;operateur;Connexion;démarrage;operateur;;utilisateur de départ;;;8ebfef45932cb814c8032c3108ad2493d7dfeede55cafac8843f3a8b6f650270;c0695e81aec23a351ef40cfc7103afdc27ba01f5746ed9b872e6b21d979440a4
2026-09-27 03:53:56.238;operateur;Connexion;démarrage;operateur;;utilisateur de départ;;;c0695e81aec23a351ef40cfc7103afdc27ba01f5746ed9b872e6b21d979440a4;5ce62e1b2dcecce48f2ed66be56f1e509ba465ccd9e904ebacaa9c39f41eafda
2026-09-27 03:54:10.763;operateur;Connexion;démarrage;operateur;;utilisateur de départ;;;5ce62e1b2dcecce48f2ed66be56f1e509ba465ccd9e904ebacaa9c39f41eafda;5612fe84133c5c4760c20071499eb73c20cae56dd9cb1821f043fa658fbd0abd
2026-09-27 03:54:33.630;admin;Connexion;connexion;admin;;Administrateur, niveau 4;;;5612fe84133c5c4760c20071499eb73c20cae56dd9cb1821f043fa658fbd0abd;197de57c8d34ec1d13fccd6ea1dd5b94af8ca6f65599441f445999898a022f34
2026-09-27 03:54:36.417;operateur;Connexion;démarrage;operateur;;utilisateur de départ;;;197de57c8d34ec1d13fccd6ea1dd5b94af8ca6f65599441f445999898a022f34;a778c58d328883544773a4fa726462bda50e08a2bf9808eb033f835ac8fda77c
2026-09-27 03:55:19.787;operateur;Connexion;démarrage;operateur;;utilisateur de départ;;;a778c58d328883544773a4fa726462bda50e08a2bf9808eb033f835ac8fda77c;df60c84c52ffc099755fe941da043a2547e83617f958c239b90bc863d39e200b
2026-09-27 03:55:39.003;operateur;Connexion;démarrage;operateur;;utilisateur de départ;;;df60c84c52ffc099755fe941da043a2547e83617f958c239b90bc863d39e200b;319da8d632fc57b47271348f04fc93663408081827f1e289c8d6d419789e8528
2026-09-27 03:56:55.327;operateur;Connexion;démarrage;operateur;;utilisateur de départ;;;319da8d632fc57b47271348f04fc93663408081827f1e289c8d6d419789e8528;b65bd34b50a37be0e664bad4cdeabb7995a8d8ea777926bd57406bb4f257d487
2026-09-27 03:57:01.794;operateur;Écriture;Vue_GIF/Btn_Ligne;Marche_Ligne;TRUE;FALSE;;;b65bd34b50a37be0e664bad4cdeabb7995a8d8ea777926bd57406bb4f257d487;b667c3e057b3de810ed47fbe4e613d71ab3ad836d83c1eca0eac79201b7ed889
2026-09-27 03:57:03.060;operateur;Écriture;Vue_GIF/Btn_Ligne;Marche_Ligne;FALSE;TRUE;;;b667c3e057b3de810ed47fbe4e613d71ab3ad836d83c1eca0eac79201b7ed889;ae3ec7831710424e3205a9f6744555112f6d396626f303bdb8b7a4e461f2aaa6
2026-09-27 04:00:46.643;operateur;Connexion;démarrage;operateur;;utilisateur de départ;;;ae3ec7831710424e3205a9f6744555112f6d396626f303bdb8b7a4e461f2aaa6;4f215cde6f710a2638ebb435d9f79f5647087b142efd0d8caaa6c29f3dd517a3
2026-09-27 04:02:40.279;operateur;Connexion;démarrage;operateur;;utilisateur de départ;;;4f215cde6f710a2638ebb435d9f79f5647087b142efd0d8caaa6c29f3dd517a3;32e716cea07008d260adcf691f5d524905070488d02965610acd357ca209de7f
