horodatage;epoch;variable;valeur
2026-09-27 03:36:15.495;1790472975.495;Armoires[0].ana.PT1.mes;0
2026-09-27 03:36:15.495;1790472975.495;Armoires[1].ana.PT1.mes;0
2026-09-27 03:36:15.925;1790472975.925;Armoires[0].ana.PT1.mes;0
2026-09-27 03:36:15.925;1790472975.925;Armoires[1].ana.PT1.mes;0
2026-09-27 03:36:16.458;1790472976.458;Armoires[0].ana.PT1.mes;0
2026-09-27 03:36:16.458;1790472976.458;Armoires[1].ana.PT1.mes;0
2026-09-27 03:36:16.992;1790472976.992;Armoires[0].ana.PT1.mes;15
2026-09-27 03:36:16.992;1790472976.992;Armoires[1].ana.PT1.mes;0
2026-09-27 03:36:17.525;1790472977.525;Armoires[0].ana.PT1.mes;15
2026-09-27 03:36:17.525;1790472977.525;Armoires[1].ana.PT1.mes;0
2026-09-27 03:36:18.058;1790472978.058;Armoires[0].ana.PT1.mes;15
2026-09-27 03:36:18.058;1790472978.058;Armoires[1].ana.PT1.mes;0
2026-09-27 03:36:18.592;1790472978.592;Armoires[0].ana.PT1.mes;15
2026-09-27 03:36:18.592;1790472978.592;Armoires[1].ana.PT1.mes;0
2026-09-27 03:36:19.125;1790472979.125;Armoires[0].ana.PT1.mes;15
2026-09-27 03:36:19.125;1790472979.125;Armoires[1].ana.PT1.mes;0
2026-09-27 03:36:19.658;1790472979.658;Armoires[0].ana.PT1.mes;15
2026-09-27 03:36:19.658;1790472979.658;Armoires[1].ana.PT1.mes;0
2026-09-27 03:36:20.192;1790472980.192;Armoires[0].ana.PT1.mes;15
2026-09-27 03:36:20.192;1790472980.192;Armoires[1].ana.PT1.mes;0
2026-09-27 03:36:20.725;1790472980.725;Armoires[0].ana.PT1.mes;15
2026-09-27 03:36:20.725;1790472980.725;Armoires[1].ana.PT1.mes;0
2026-09-27 03:36:21.258;1790472981.258;Armoires[0].ana.PT1.mes;5
2026-09-27 03:36:21.258;1790472981.258;Armoires[1].ana.PT1.mes;0
2026-09-27 03:36:21.792;1790472981.792;Armoires[0].ana.PT1.mes;5
2026-09-27 03:36:21.792;1790472981.792;Armoires[1].ana.PT1.mes;0
2026-09-27 03:36:22.325;1790472982.325;Armoires[0].ana.PT1.mes;5
2026-09-27 03:36:22.325;1790472982.325;Armoires[1].ana.PT1.mes;0
2026-09-27 03:36:22.858;1790472982.858;Armoires[0].ana.PT1.mes;5
2026-09-27 03:36:22.858;1790472982.858;Armoires[1].ana.PT1.mes;0
2026-09-27 03:36:23.392;1790472983.392;Armoires[0].ana.PT1.mes;5
2026-09-27 03:36:23.392;1790472983.392;Armoires[1].ana.PT1.mes;0
2026-09-27 03:36:23.925;1790472983.925;Armoires[0].ana.PT1.mes;28
2026-09-27 03:36:23.925;1790472983.925;Armoires[1].ana.PT1.mes;0
2026-09-27 03:36:24.458;1790472984.458;Armoires[0].ana.PT1.mes;28
2026-09-27 03:36:24.458;1790472984.458;Armoires[1].ana.PT1.mes;0
2026-09-27 03:36:24.992;1790472984.992;Armoires[0].ana.PT1.mes;28
2026-09-27 03:36:24.992;1790472984.992;Armoires[1].ana.PT1.mes;0
2026-09-27 03:36:25.525;1790472985.525;Armoires[0].ana.PT1.mes;28
2026-09-27 03:36:25.525;1790472985.525;Armoires[1].ana.PT1.mes;0
2026-09-27 03:36:26.058;1790472986.058;Armoires[0].ana.PT1.mes;28
2026-09-27 03:36:26.058;1790472986.058;Armoires[1].ana.PT1.mes;0
2026-09-27 03:36:26.592;1790472986.592;Armoires[0].ana.PT1.mes;28
2026-09-27 03:36:26.592;1790472986.592;Armoires[1].ana.PT1.mes;0
2026-09-27 03:36:27.125;1790472987.125;Armoires[0].ana.PT1.mes;28
2026-09-27 03:36:27.125;1790472987.125;Armoires[1].ana.PT1.mes;0
2026-09-27 03:36:27.658;1790472987.658;Armoires[0].ana.PT1.mes;28
2026-09-27 03:36:27.658;1790472987.658;Armoires[1].ana.PT1.mes;0
2026-09-27 03:36:28.192;1790472988.192;Armoires[0].ana.PT1.mes;28
2026-09-27 03:36:28.192;1790472988.192;Armoires[1].ana.PT1.mes;0
2026-09-27 03:36:28.725;1790472988.725;Armoires[0].ana.PT1.mes;28
2026-09-27 03:36:28.725;1790472988.725;Armoires[1].ana.PT1.mes;0
2026-09-27 03:36:29.258;1790472989.258;Armoires[0].ana.PT1.mes;28
2026-09-27 03:36:29.258;1790472989.258;Armoires[1].ana.PT1.mes;0
2026-09-27 03:37:15.790;1790473035.790;Armoires[0].ana.PT1.mes;0
2026-09-27 03:37:15.790;1790473035.790;Armoires[1].ana.PT1.mes;0
2026-09-27 03:37:16.257;1790473036.257;Armoires[0].ana.PT1.mes;0
2026-09-27 03:37:16.257;1790473036.257;Armoires[1].ana.PT1.mes;0
2026-09-27 03:37:16.790;1790473036.790;Armoires[0].ana.PT1.mes;0
2026-09-27 03:37:16.790;1790473036.790;Armoires[1].ana.PT1.mes;0
2026-09-27 03:37:17.324;1790473037.324;Armoires[0].ana.PT1.mes;0
2026-09-27 03:37:17.324;1790473037.324;Armoires[1].ana.PT1.mes;0
2026-09-27 03:37:17.857;1790473037.857;Armoires[0].ana.PT1.mes;0
2026-09-27 03:37:17.857;1790473037.857;Armoires[1].ana.PT1.mes;0
2026-09-27 03:37:18.390;1790473038.390;Armoires[0].ana.PT1.mes;0
2026-09-27 03:37:18.390;1790473038.390;Armoires[1].ana.PT1.mes;0
2026-09-27 03:37:18.924;1790473038.924;Armoires[0].ana.PT1.mes;0
2026-09-27 03:37:18.924;1790473038.924;Armoires[1].ana.PT1.mes;0
2026-09-27 03:37:19.457;1790473039.457;Armoires[0].ana.PT1.mes;0
2026-09-27 03:37:19.457;1790473039.457;Armoires[1].ana.PT1.mes;0
2026-09-27 03:37:32.450;1790473052.450;Armoires[0].ana.PT1.mes;0
2026-09-27 03:37:32.450;1790473052.450;Armoires[1].ana.PT1.mes;0
2026-09-27 03:37:32.935;1790473052.935;Armoires[0].ana.PT1.mes;0
2026-09-27 03:37:32.935;1790473052.935;Armoires[1].ana.PT1.mes;0
2026-09-27 03:37:33.468;1790473053.468;Armoires[0].ana.PT1.mes;0
2026-09-27 03:37:33.468;1790473053.468;Armoires[1].ana.PT1.mes;0
2026-09-27 03:37:34.002;1790473054.002;Armoires[0].ana.PT1.mes;0
2026-09-27 03:37:34.002;1790473054.002;Armoires[1].ana.PT1.mes;0
2026-09-27 03:37:34.535;1790473054.535;Armoires[0].ana.PT1.mes;0
2026-09-27 03:37:34.535;1790473054.535;Armoires[1].ana.PT1.mes;0
2026-09-27 03:37:35.068;1790473055.068;Armoires[0].ana.PT1.mes;15
2026-09-27 03:37:35.068;1790473055.068;Armoires[1].ana.PT1.mes;0
2026-09-27 03:37:35.602;1790473055.602;Armoires[0].ana.PT1.mes;15
2026-09-27 03:37:35.602;1790473055.602;Armoires[1].ana.PT1.mes;24
2026-09-27 03:37:36.135;1790473056.135;Armoires[0].ana.PT1.mes;15
2026-09-27 03:37:36.135;1790473056.135;Armoires[1].ana.PT1.mes;24
2026-09-27 03:37:36.668;1790473056.668;Armoires[0].ana.PT1.mes;15
2026-09-27 03:37:36.668;1790473056.668;Armoires[1].ana.PT1.mes;24
2026-09-27 03:37:37.202;1790473057.202;Armoires[0].ana.PT1.mes;15
2026-09-27 03:37:37.202;1790473057.202;Armoires[1].ana.PT1.mes;24
2026-09-27 03:37:37.735;1790473057.735;Armoires[0].ana.PT1.mes;15
2026-09-27 03:37:37.735;1790473057.735;Armoires[1].ana.PT1.mes;24
2026-09-27 03:37:38.268;1790473058.268;Armoires[0].ana.PT1.mes;15
2026-09-27 03:37:38.268;1790473058.268;Armoires[1].ana.PT1.mes;24
2026-09-27 03:37:38.802;1790473058.802;Armoires[0].ana.PT1.mes;15
2026-09-27 03:37:38.802;1790473058.802;Armoires[1].ana.PT1.mes;24
2026-09-27 03:37:39.335;1790473059.335;Armoires[0].ana.PT1.mes;15
2026-09-27 03:37:39.335;1790473059.335;Armoires[1].ana.PT1.mes;24
2026-09-27 03:37:39.868;1790473059.868;Armoires[0].ana.PT1.mes;15
2026-09-27 03:37:39.868;1790473059.868;Armoires[1].ana.PT1.mes;24
2026-09-27 03:37:40.402;1790473060.402;Armoires[0].ana.PT1.mes;15
2026-09-27 03:37:40.402;1790473060.402;Armoires[1].ana.PT1.mes;24
2026-09-27 03:37:40.935;1790473060.935;Armoires[0].ana.PT1.mes;15
2026-09-27 03:37:40.935;1790473060.935;Armoires[1].ana.PT1.mes;24
2026-09-27 03:37:41.468;1790473061.468;Armoires[0].ana.PT1.mes;15
2026-09-27 03:37:41.468;1790473061.468;Armoires[1].ana.PT1.mes;24
2026-09-27 03:37:42.002;1790473062.002;Armoires[0].ana.PT1.mes;15
2026-09-27 03:37:42.002;1790473062.002;Armoires[1].ana.PT1.mes;24
2026-09-27 03:37:55.653;1790473075.653;Armoires[0].ana.PT1.mes;0
2026-09-27 03:37:55.653;1790473075.653;Armoires[1].ana.PT1.mes;0
2026-09-27 03:37:56.069;1790473076.069;Armoires[0].ana.PT1.mes;0
2026-09-27 03:37:56.069;1790473076.069;Armoires[1].ana.PT1.mes;0
2026-09-27 03:37:56.602;1790473076.602;Armoires[0].ana.PT1.mes;0
2026-09-27 03:37:56.602;1790473076.602;Armoires[1].ana.PT1.mes;0
2026-09-27 03:37:57.136;1790473077.136;Armoires[0].ana.PT1.mes;0
2026-09-27 03:37:57.136;1790473077.136;Armoires[1].ana.PT1.mes;0
2026-09-27 03:37:57.669;1790473077.669;Armoires[0].ana.PT1.mes;0
2026-09-27 03:37:57.669;1790473077.669;Armoires[1].ana.PT1.mes;0
2026-09-27 03:37:58.202;1790473078.202;Armoires[0].ana.PT1.mes;0
2026-09-27 03:37:58.202;1790473078.202;Armoires[1].ana.PT1.mes;0
2026-09-27 03:37:58.736;1790473078.736;Armoires[0].ana.PT1.mes;0
2026-09-27 03:37:58.736;1790473078.736;Armoires[1].ana.PT1.mes;0
2026-09-27 03:37:59.269;1790473079.269;Armoires[0].ana.PT1.mes;0
2026-09-27 03:37:59.269;1790473079.269;Armoires[1].ana.PT1.mes;0
2026-09-27 03:37:59.802;1790473079.802;Armoires[0].ana.PT1.mes;0
2026-09-27 03:37:59.802;1790473079.802;Armoires[1].ana.PT1.mes;0
2026-09-27 03:38:00.336;1790473080.336;Armoires[0].ana.PT1.mes;0
2026-09-27 03:38:00.336;1790473080.336;Armoires[1].ana.PT1.mes;0
2026-09-27 03:38:00.869;1790473080.869;Armoires[0].ana.PT1.mes;0
2026-09-27 03:38:00.869;1790473080.869;Armoires[1].ana.PT1.mes;0
2026-09-27 03:38:01.402;1790473081.402;Armoires[0].ana.PT1.mes;0
2026-09-27 03:38:01.402;1790473081.402;Armoires[1].ana.PT1.mes;0
2026-09-27 03:38:20.504;1790473100.504;Armoires[0].ana.PT1.mes;0
2026-09-27 03:38:20.504;1790473100.504;Armoires[1].ana.PT1.mes;0
2026-09-27 03:38:20.917;1790473100.917;Armoires[0].ana.PT1.mes;0
2026-09-27 03:38:20.917;1790473100.917;Armoires[1].ana.PT1.mes;0
2026-09-27 03:38:21.450;1790473101.450;Armoires[0].ana.PT1.mes;0
2026-09-27 03:38:21.450;1790473101.450;Armoires[1].ana.PT1.mes;0
2026-09-27 03:38:21.984;1790473101.984;Armoires[0].ana.PT1.mes;0
2026-09-27 03:38:21.984;1790473101.984;Armoires[1].ana.PT1.mes;0
2026-09-27 03:38:22.517;1790473102.517;Armoires[0].ana.PT1.mes;0
2026-09-27 03:38:22.517;1790473102.517;Armoires[1].ana.PT1.mes;0
2026-09-27 03:38:23.050;1790473103.050;Armoires[0].ana.PT1.mes;15
2026-09-27 03:38:23.050;1790473103.050;Armoires[1].ana.PT1.mes;0
2026-09-27 03:38:23.584;1790473103.584;Armoires[0].ana.PT1.mes;15
2026-09-27 03:38:23.584;1790473103.584;Armoires[1].ana.PT1.mes;24
2026-09-27 03:38:24.117;1790473104.117;Armoires[0].ana.PT1.mes;15
2026-09-27 03:38:24.117;1790473104.117;Armoires[1].ana.PT1.mes;24
2026-09-27 03:38:24.650;1790473104.650;Armoires[0].ana.PT1.mes;15
2026-09-27 03:38:24.650;1790473104.650;Armoires[1].ana.PT1.mes;24
2026-09-27 03:38:25.184;1790473105.184;Armoires[0].ana.PT1.mes;15
2026-09-27 03:38:25.184;1790473105.184;Armoires[1].ana.PT1.mes;24
2026-09-27 03:38:25.717;1790473105.717;Armoires[0].ana.PT1.mes;15
2026-09-27 03:38:25.717;1790473105.717;Armoires[1].ana.PT1.mes;24
2026-09-27 03:38:26.250;1790473106.250;Armoires[0].ana.PT1.mes;15
2026-09-27 03:38:26.250;1790473106.250;Armoires[1].ana.PT1.mes;24
2026-09-27 03:38:26.784;1790473106.784;Armoires[0].ana.PT1.mes;15
2026-09-27 03:38:26.784;1790473106.784;Armoires[1].ana.PT1.mes;24
2026-09-27 03:38:27.317;1790473107.317;Armoires[0].ana.PT1.mes;18
2026-09-27 03:38:27.317;1790473107.317;Armoires[1].ana.PT1.mes;24
2026-09-27 03:38:27.850;1790473107.850;Armoires[0].ana.PT1.mes;18
2026-09-27 03:38:27.850;1790473107.850;Armoires[1].ana.PT1.mes;24
2026-09-27 03:38:28.384;1790473108.384;Armoires[0].ana.PT1.mes;18
2026-09-27 03:38:28.384;1790473108.384;Armoires[1].ana.PT1.mes;24
2026-09-27 03:38:28.917;1790473108.917;Armoires[0].ana.PT1.mes;18
2026-09-27 03:38:28.917;1790473108.917;Armoires[1].ana.PT1.mes;24
2026-09-27 03:38:29.450;1790473109.450;Armoires[0].ana.PT1.mes;18
2026-09-27 03:38:29.450;1790473109.450;Armoires[1].ana.PT1.mes;24
2026-09-27 03:38:29.984;1790473109.984;Armoires[0].ana.PT1.mes;18
2026-09-27 03:38:29.984;1790473109.984;Armoires[1].ana.PT1.mes;24
2026-09-27 03:38:30.517;1790473110.517;Armoires[0].ana.PT1.mes;18
2026-09-27 03:38:30.517;1790473110.517;Armoires[1].ana.PT1.mes;24
2026-09-27 03:38:31.050;1790473111.050;Armoires[0].ana.PT1.mes;18
2026-09-27 03:38:31.050;1790473111.050;Armoires[1].ana.PT1.mes;24
2026-09-27 03:38:31.584;1790473111.584;Armoires[0].ana.PT1.mes;18
2026-09-27 03:38:31.584;1790473111.584;Armoires[1].ana.PT1.mes;24
2026-09-27 03:38:32.117;1790473112.117;Armoires[0].ana.PT1.mes;18
2026-09-27 03:38:32.117;1790473112.117;Armoires[1].ana.PT1.mes;24
2026-09-27 03:38:32.650;1790473112.650;Armoires[0].ana.PT1.mes;18
2026-09-27 03:38:32.650;1790473112.650;Armoires[1].ana.PT1.mes;24
2026-09-27 03:39:09.018;1790473149.018;Armoires[0].ana.PT1.mes;0
2026-09-27 03:39:09.018;1790473149.018;Armoires[1].ana.PT1.mes;0
2026-09-27 03:39:09.460;1790473149.460;Armoires[0].ana.PT1.mes;0
2026-09-27 03:39:09.460;1790473149.460;Armoires[1].ana.PT1.mes;0
2026-09-27 03:39:09.993;1790473149.993;Armoires[0].ana.PT1.mes;0
2026-09-27 03:39:09.993;1790473149.993;Armoires[1].ana.PT1.mes;0
2026-09-27 03:39:10.527;1790473150.527;Armoires[0].ana.PT1.mes;0
2026-09-27 03:39:10.527;1790473150.527;Armoires[1].ana.PT1.mes;0
2026-09-27 03:39:11.060;1790473151.060;Armoires[0].ana.PT1.mes;0
2026-09-27 03:39:11.060;1790473151.060;Armoires[1].ana.PT1.mes;0
2026-09-27 03:39:11.593;1790473151.593;Armoires[0].ana.PT1.mes;18.5
2026-09-27 03:39:11.593;1790473151.593;Armoires[1].ana.PT1.mes;0
2026-09-27 03:39:12.127;1790473152.127;Armoires[0].ana.PT1.mes;18.5
2026-09-27 03:39:12.127;1790473152.127;Armoires[1].ana.PT1.mes;26
2026-09-27 03:39:12.660;1790473152.660;Armoires[0].ana.PT1.mes;18.5
2026-09-27 03:39:12.660;1790473152.660;Armoires[1].ana.PT1.mes;26
2026-09-27 03:39:13.193;1790473153.193;Armoires[0].ana.PT1.mes;18.5
2026-09-27 03:39:13.193;1790473153.193;Armoires[1].ana.PT1.mes;26
2026-09-27 03:39:13.727;1790473153.727;Armoires[0].ana.PT1.mes;18.5
2026-09-27 03:39:13.727;1790473153.727;Armoires[1].ana.PT1.mes;26
2026-09-27 03:39:14.260;1790473154.260;Armoires[0].ana.PT1.mes;18.5
2026-09-27 03:39:14.260;1790473154.260;Armoires[1].ana.PT1.mes;26
2026-09-27 03:39:14.793;1790473154.793;Armoires[0].ana.PT1.mes;18.5
2026-09-27 03:39:14.793;1790473154.793;Armoires[1].ana.PT1.mes;26
2026-09-27 03:39:15.327;1790473155.327;Armoires[0].ana.PT1.mes;18.5
2026-09-27 03:39:15.327;1790473155.327;Armoires[1].ana.PT1.mes;26
2026-09-27 03:39:15.860;1790473155.860;Armoires[0].ana.PT1.mes;18.5
2026-09-27 03:39:15.860;1790473155.860;Armoires[1].ana.PT1.mes;26
2026-09-27 03:39:16.393;1790473156.393;Armoires[0].ana.PT1.mes;18.5
2026-09-27 03:39:16.393;1790473156.393;Armoires[1].ana.PT1.mes;26
2026-09-27 03:39:16.927;1790473156.927;Armoires[0].ana.PT1.mes;18.5
2026-09-27 03:39:16.927;1790473156.927;Armoires[1].ana.PT1.mes;26
2026-09-27 03:39:17.460;1790473157.460;Armoires[0].ana.PT1.mes;18.5
2026-09-27 03:39:17.460;1790473157.460;Armoires[1].ana.PT1.mes;26
2026-09-27 03:39:17.993;1790473157.993;Armoires[0].ana.PT1.mes;18.5
2026-09-27 03:39:17.993;1790473157.993;Armoires[1].ana.PT1.mes;26
2026-09-27 03:39:18.527;1790473158.527;Armoires[0].ana.PT1.mes;18.5
2026-09-27 03:39:18.527;1790473158.527;Armoires[1].ana.PT1.mes;26
2026-09-27 03:39:19.060;1790473159.060;Armoires[0].ana.PT1.mes;18.5
2026-09-27 03:39:19.060;1790473159.060;Armoires[1].ana.PT1.mes;26
2026-09-27 03:39:19.593;1790473159.593;Armoires[0].ana.PT1.mes;18.5
2026-09-27 03:39:19.593;1790473159.593;Armoires[1].ana.PT1.mes;26
2026-09-27 03:39:20.127;1790473160.127;Armoires[0].ana.PT1.mes;18.5
2026-09-27 03:39:20.127;1790473160.127;Armoires[1].ana.PT1.mes;26
2026-09-27 03:39:20.660;1790473160.660;Armoires[0].ana.PT1.mes;18.5
2026-09-27 03:39:20.660;1790473160.660;Armoires[1].ana.PT1.mes;26
2026-09-27 03:39:28.371;1790473168.371;Armoires[0].ana.PT1.mes;0
2026-09-27 03:39:28.371;1790473168.371;Armoires[1].ana.PT1.mes;0
2026-09-27 03:39:28.840;1790473168.840;Armoires[0].ana.PT1.mes;0
2026-09-27 03:39:28.840;1790473168.840;Armoires[1].ana.PT1.mes;0
2026-09-27 03:39:29.373;1790473169.373;Armoires[0].ana.PT1.mes;0
2026-09-27 03:39:29.373;1790473169.373;Armoires[1].ana.PT1.mes;0
2026-09-27 03:39:29.907;1790473169.907;Armoires[0].ana.PT1.mes;0
2026-09-27 03:39:29.907;1790473169.907;Armoires[1].ana.PT1.mes;0
2026-09-27 03:39:30.440;1790473170.440;Armoires[0].ana.PT1.mes;0
2026-09-27 03:39:30.440;1790473170.440;Armoires[1].ana.PT1.mes;0
2026-09-27 03:39:30.973;1790473170.973;Armoires[0].ana.PT1.mes;0
2026-09-27 03:39:30.973;1790473170.973;Armoires[1].ana.PT1.mes;0
2026-09-27 03:39:31.507;1790473171.507;Armoires[0].ana.PT1.mes;0
2026-09-27 03:39:31.507;1790473171.507;Armoires[1].ana.PT1.mes;0
2026-09-27 03:39:32.040;1790473172.040;Armoires[0].ana.PT1.mes;0
2026-09-27 03:39:32.040;1790473172.040;Armoires[1].ana.PT1.mes;0
2026-09-27 03:39:32.573;1790473172.573;Armoires[0].ana.PT1.mes;0
2026-09-27 03:39:32.573;1790473172.573;Armoires[1].ana.PT1.mes;0
2026-09-27 03:39:33.107;1790473173.107;Armoires[0].ana.PT1.mes;0
2026-09-27 03:39:33.107;1790473173.107;Armoires[1].ana.PT1.mes;0
2026-09-27 03:39:33.640;1790473173.640;Armoires[0].ana.PT1.mes;0
2026-09-27 03:39:33.640;1790473173.640;Armoires[1].ana.PT1.mes;0
2026-09-27 03:39:34.173;1790473174.173;Armoires[0].ana.PT1.mes;0
2026-09-27 03:39:34.173;1790473174.173;Armoires[1].ana.PT1.mes;0
2026-09-27 03:39:34.707;1790473174.707;Armoires[0].ana.PT1.mes;0
2026-09-27 03:39:34.707;1790473174.707;Armoires[1].ana.PT1.mes;0
2026-09-27 03:39:35.240;1790473175.240;Armoires[0].ana.PT1.mes;0
2026-09-27 03:39:35.240;1790473175.240;Armoires[1].ana.PT1.mes;0
2026-09-27 03:39:35.773;1790473175.773;Armoires[0].ana.PT1.mes;0
2026-09-27 03:39:35.773;1790473175.773;Armoires[1].ana.PT1.mes;0
2026-09-27 03:39:36.307;1790473176.307;Armoires[0].ana.PT1.mes;0
2026-09-27 03:39:36.307;1790473176.307;Armoires[1].ana.PT1.mes;0
2026-09-27 03:42:50.246;1790473370.246;Armoires[0].ana.PT1.mes;0
2026-09-27 03:42:50.246;1790473370.246;Armoires[1].ana.PT1.mes;0
2026-09-27 03:42:50.698;1790473370.698;Armoires[0].ana.PT1.mes;0
2026-09-27 03:42:50.698;1790473370.698;Armoires[1].ana.PT1.mes;0
2026-09-27 03:42:51.231;1790473371.231;Armoires[0].ana.PT1.mes;0
2026-09-27 03:42:51.231;1790473371.231;Armoires[1].ana.PT1.mes;0
2026-09-27 03:42:51.765;1790473371.765;Armoires[0].ana.PT1.mes;0
2026-09-27 03:42:51.765;1790473371.765;Armoires[1].ana.PT1.mes;0
2026-09-27 03:42:52.298;1790473372.298;Armoires[0].ana.PT1.mes;0
2026-09-27 03:42:52.298;1790473372.298;Armoires[1].ana.PT1.mes;0
2026-09-27 03:42:52.831;1790473372.831;Armoires[0].ana.PT1.mes;0
2026-09-27 03:42:52.831;1790473372.831;Armoires[1].ana.PT1.mes;0
2026-09-27 03:42:53.365;1790473373.365;Armoires[0].ana.PT1.mes;0
2026-09-27 03:42:53.365;1790473373.365;Armoires[1].ana.PT1.mes;0
2026-09-27 03:43:05.865;1790473385.865;Armoires[0].ana.PT1.mes;0
2026-09-27 03:43:05.865;1790473385.865;Armoires[1].ana.PT1.mes;0
2026-09-27 03:43:06.398;1790473386.398;Armoires[0].ana.PT1.mes;0
2026-09-27 03:43:06.398;1790473386.398;Armoires[1].ana.PT1.mes;0
2026-09-27 03:43:06.931;1790473386.931;Armoires[0].ana.PT1.mes;7.5
2026-09-27 03:43:06.931;1790473386.931;Armoires[1].ana.PT1.mes;4.2
2026-09-27 03:43:07.465;1790473387.465;Armoires[0].ana.PT1.mes;7.5
2026-09-27 03:43:07.465;1790473387.465;Armoires[1].ana.PT1.mes;4.2
2026-09-27 03:43:07.998;1790473387.998;Armoires[0].ana.PT1.mes;7.5
2026-09-27 03:43:07.998;1790473387.998;Armoires[1].ana.PT1.mes;4.2
2026-09-27 03:43:08.531;1790473388.531;Armoires[0].ana.PT1.mes;7.5
2026-09-27 03:43:08.531;1790473388.531;Armoires[1].ana.PT1.mes;4.2
2026-09-27 03:43:09.065;1790473389.065;Armoires[0].ana.PT1.mes;7.5
2026-09-27 03:43:09.065;1790473389.065;Armoires[1].ana.PT1.mes;4.2
2026-09-27 03:43:36.920;1790473416.920;Armoires[0].ana.PT1.mes;0
2026-09-27 03:43:36.920;1790473416.920;Armoires[1].ana.PT1.mes;0
2026-09-27 03:43:37.466;1790473417.466;Armoires[0].ana.PT1.mes;0
2026-09-27 03:43:37.466;1790473417.466;Armoires[1].ana.PT1.mes;0
2026-09-27 03:43:37.999;1790473417.999;Armoires[0].ana.PT1.mes;0
2026-09-27 03:43:37.999;1790473417.999;Armoires[1].ana.PT1.mes;0
2026-09-27 03:43:38.533;1790473418.533;Armoires[0].ana.PT1.mes;0
2026-09-27 03:43:38.533;1790473418.533;Armoires[1].ana.PT1.mes;0
2026-09-27 03:43:39.066;1790473419.066;Armoires[0].ana.PT1.mes;0
2026-09-27 03:43:39.066;1790473419.066;Armoires[1].ana.PT1.mes;0
2026-09-27 03:43:39.599;1790473419.599;Armoires[0].ana.PT1.mes;0
2026-09-27 03:43:39.599;1790473419.599;Armoires[1].ana.PT1.mes;0
2026-09-27 03:43:40.133;1790473420.133;Armoires[0].ana.PT1.mes;0
2026-09-27 03:43:40.133;1790473420.133;Armoires[1].ana.PT1.mes;0
2026-09-27 03:43:40.666;1790473420.666;Armoires[0].ana.PT1.mes;0
2026-09-27 03:43:40.666;1790473420.666;Armoires[1].ana.PT1.mes;0
2026-09-27 03:43:41.199;1790473421.199;Armoires[0].ana.PT1.mes;0
2026-09-27 03:43:41.199;1790473421.199;Armoires[1].ana.PT1.mes;0
2026-09-27 03:43:41.733;1790473421.733;Armoires[0].ana.PT1.mes;0
2026-09-27 03:43:41.733;1790473421.733;Armoires[1].ana.PT1.mes;0
2026-09-27 03:43:42.266;1790473422.266;Armoires[0].ana.PT1.mes;0
2026-09-27 03:43:42.266;1790473422.266;Armoires[1].ana.PT1.mes;0
2026-09-27 03:43:42.799;1790473422.799;Armoires[0].ana.PT1.mes;0
2026-09-27 03:43:42.799;1790473422.799;Armoires[1].ana.PT1.mes;0
2026-09-27 03:43:43.333;1790473423.333;Armoires[0].ana.PT1.mes;0
2026-09-27 03:43:43.333;1790473423.333;Armoires[1].ana.PT1.mes;0
2026-09-27 03:43:43.866;1790473423.866;Armoires[0].ana.PT1.mes;0
2026-09-27 03:43:43.866;1790473423.866;Armoires[1].ana.PT1.mes;0
2026-09-27 03:43:44.399;1790473424.399;Armoires[0].ana.PT1.mes;0
2026-09-27 03:43:44.399;1790473424.399;Armoires[1].ana.PT1.mes;0
2026-09-27 03:43:44.933;1790473424.933;Armoires[0].ana.PT1.mes;0
2026-09-27 03:43:44.933;1790473424.933;Armoires[1].ana.PT1.mes;0
2026-09-27 03:43:45.466;1790473425.466;Armoires[0].ana.PT1.mes;0
2026-09-27 03:43:45.466;1790473425.466;Armoires[1].ana.PT1.mes;0
2026-09-27 03:43:45.999;1790473425.999;Armoires[0].ana.PT1.mes;0
2026-09-27 03:43:45.999;1790473425.999;Armoires[1].ana.PT1.mes;0
2026-09-27 03:43:46.533;1790473426.533;Armoires[0].ana.PT1.mes;0
2026-09-27 03:43:46.533;1790473426.533;Armoires[1].ana.PT1.mes;0
2026-09-27 03:43:47.066;1790473427.066;Armoires[0].ana.PT1.mes;0
2026-09-27 03:43:47.066;1790473427.066;Armoires[1].ana.PT1.mes;0
2026-09-27 03:43:47.599;1790473427.599;Armoires[0].ana.PT1.mes;0
2026-09-27 03:43:47.599;1790473427.599;Armoires[1].ana.PT1.mes;0
2026-09-27 03:43:48.133;1790473428.133;Armoires[0].ana.PT1.mes;0
2026-09-27 03:43:48.133;1790473428.133;Armoires[1].ana.PT1.mes;0
2026-09-27 03:43:48.666;1790473428.666;Armoires[0].ana.PT1.mes;0
2026-09-27 03:43:48.666;1790473428.666;Armoires[1].ana.PT1.mes;0
2026-09-27 03:43:49.199;1790473429.199;Armoires[0].ana.PT1.mes;0
2026-09-27 03:43:49.199;1790473429.199;Armoires[1].ana.PT1.mes;0
2026-09-27 03:43:49.733;1790473429.733;Armoires[0].ana.PT1.mes;0
2026-09-27 03:43:49.733;1790473429.733;Armoires[1].ana.PT1.mes;0
2026-09-27 03:43:50.266;1790473430.266;Armoires[0].ana.PT1.mes;0
2026-09-27 03:43:50.266;1790473430.266;Armoires[1].ana.PT1.mes;0
2026-09-27 03:43:50.799;1790473430.799;Armoires[0].ana.PT1.mes;0
2026-09-27 03:43:50.799;1790473430.799;Armoires[1].ana.PT1.mes;0
2026-09-27 03:43:51.333;1790473431.333;Armoires[0].ana.PT1.mes;0
2026-09-27 03:43:51.333;1790473431.333;Armoires[1].ana.PT1.mes;0
2026-09-27 03:43:51.866;1790473431.866;Armoires[0].ana.PT1.mes;0
2026-09-27 03:43:51.866;1790473431.866;Armoires[1].ana.PT1.mes;0
2026-09-27 03:43:52.399;1790473432.399;Armoires[0].ana.PT1.mes;0
2026-09-27 03:43:52.399;1790473432.399;Armoires[1].ana.PT1.mes;0
2026-09-27 03:43:52.933;1790473432.933;Armoires[0].ana.PT1.mes;0
2026-09-27 03:43:52.933;1790473432.933;Armoires[1].ana.PT1.mes;0
2026-09-27 03:43:53.466;1790473433.466;Armoires[0].ana.PT1.mes;0
2026-09-27 03:43:53.466;1790473433.466;Armoires[1].ana.PT1.mes;0
2026-09-27 03:43:53.999;1790473433.999;Armoires[0].ana.PT1.mes;0
2026-09-27 03:43:53.999;1790473433.999;Armoires[1].ana.PT1.mes;0
2026-09-27 03:43:54.533;1790473434.533;Armoires[0].ana.PT1.mes;0
2026-09-27 03:43:54.533;1790473434.533;Armoires[1].ana.PT1.mes;0
2026-09-27 03:43:55.066;1790473435.066;Armoires[0].ana.PT1.mes;0
2026-09-27 03:43:55.066;1790473435.066;Armoires[1].ana.PT1.mes;0
2026-09-27 03:43:55.599;1790473435.599;Armoires[0].ana.PT1.mes;0
2026-09-27 03:43:55.599;1790473435.599;Armoires[1].ana.PT1.mes;0
2026-09-27 03:43:56.133;1790473436.133;Armoires[0].ana.PT1.mes;0
2026-09-27 03:43:56.133;1790473436.133;Armoires[1].ana.PT1.mes;0
2026-09-27 03:43:56.666;1790473436.666;Armoires[0].ana.PT1.mes;0
2026-09-27 03:43:56.666;1790473436.666;Armoires[1].ana.PT1.mes;0
2026-09-27 03:43:57.199;1790473437.199;Armoires[0].ana.PT1.mes;0
2026-09-27 03:43:57.199;1790473437.199;Armoires[1].ana.PT1.mes;0
2026-09-27 03:43:57.733;1790473437.733;Armoires[0].ana.PT1.mes;0
2026-09-27 03:43:57.733;1790473437.733;Armoires[1].ana.PT1.mes;0
2026-09-27 03:43:58.266;1790473438.266;Armoires[0].ana.PT1.mes;0
2026-09-27 03:43:58.266;1790473438.266;Armoires[1].ana.PT1.mes;0
2026-09-27 03:43:58.799;1790473438.799;Armoires[0].ana.PT1.mes;0
2026-09-27 03:43:58.799;1790473438.799;Armoires[1].ana.PT1.mes;0
2026-09-27 03:43:59.333;1790473439.333;Armoires[0].ana.PT1.mes;0
2026-09-27 03:43:59.333;1790473439.333;Armoires[1].ana.PT1.mes;0
2026-09-27 03:43:59.866;1790473439.866;Armoires[0].ana.PT1.mes;0
2026-09-27 03:43:59.866;1790473439.866;Armoires[1].ana.PT1.mes;0
2026-09-27 03:44:00.399;1790473440.399;Armoires[0].ana.PT1.mes;0
2026-09-27 03:44:00.399;1790473440.399;Armoires[1].ana.PT1.mes;0
2026-09-27 03:44:00.933;1790473440.933;Armoires[0].ana.PT1.mes;0
2026-09-27 03:44:00.933;1790473440.933;Armoires[1].ana.PT1.mes;0
2026-09-27 03:44:01.466;1790473441.466;Armoires[0].ana.PT1.mes;0
2026-09-27 03:44:01.466;1790473441.466;Armoires[1].ana.PT1.mes;0
2026-09-27 03:44:01.999;1790473441.999;Armoires[0].ana.PT1.mes;0
2026-09-27 03:44:01.999;1790473441.999;Armoires[1].ana.PT1.mes;0
2026-09-27 03:44:02.533;1790473442.533;Armoires[0].ana.PT1.mes;0
2026-09-27 03:44:02.533;1790473442.533;Armoires[1].ana.PT1.mes;0
2026-09-27 03:44:03.066;1790473443.066;Armoires[0].ana.PT1.mes;0
2026-09-27 03:44:03.066;1790473443.066;Armoires[1].ana.PT1.mes;0
2026-09-27 03:44:03.599;1790473443.599;Armoires[0].ana.PT1.mes;0
2026-09-27 03:44:03.599;1790473443.599;Armoires[1].ana.PT1.mes;0
2026-09-27 03:44:04.133;1790473444.133;Armoires[0].ana.PT1.mes;0
2026-09-27 03:44:04.133;1790473444.133;Armoires[1].ana.PT1.mes;0
2026-09-27 03:44:04.666;1790473444.666;Armoires[0].ana.PT1.mes;0
2026-09-27 03:44:04.666;1790473444.666;Armoires[1].ana.PT1.mes;0
2026-09-27 03:44:05.199;1790473445.199;Armoires[0].ana.PT1.mes;0
2026-09-27 03:44:05.199;1790473445.199;Armoires[1].ana.PT1.mes;0
2026-09-27 03:44:05.733;1790473445.733;Armoires[0].ana.PT1.mes;0
2026-09-27 03:44:05.733;1790473445.733;Armoires[1].ana.PT1.mes;0
2026-09-27 03:44:06.266;1790473446.266;Armoires[0].ana.PT1.mes;0
2026-09-27 03:44:06.266;1790473446.266;Armoires[1].ana.PT1.mes;0
2026-09-27 03:44:06.799;1790473446.799;Armoires[0].ana.PT1.mes;0
2026-09-27 03:44:06.799;1790473446.799;Armoires[1].ana.PT1.mes;0
2026-09-27 03:44:07.333;1790473447.333;Armoires[0].ana.PT1.mes;0
2026-09-27 03:44:07.333;1790473447.333;Armoires[1].ana.PT1.mes;0
2026-09-27 03:44:07.866;1790473447.866;Armoires[0].ana.PT1.mes;0
2026-09-27 03:44:07.866;1790473447.866;Armoires[1].ana.PT1.mes;0
2026-09-27 03:44:08.399;1790473448.399;Armoires[0].ana.PT1.mes;0
2026-09-27 03:44:08.399;1790473448.399;Armoires[1].ana.PT1.mes;0
2026-09-27 03:44:08.933;1790473448.933;Armoires[0].ana.PT1.mes;0
2026-09-27 03:44:08.933;1790473448.933;Armoires[1].ana.PT1.mes;0
2026-09-27 03:44:09.466;1790473449.466;Armoires[0].ana.PT1.mes;0
2026-09-27 03:44:09.466;1790473449.466;Armoires[1].ana.PT1.mes;0
2026-09-27 03:44:09.999;1790473449.999;Armoires[0].ana.PT1.mes;0
2026-09-27 03:44:09.999;1790473449.999;Armoires[1].ana.PT1.mes;0
2026-09-27 03:44:10.533;1790473450.533;Armoires[0].ana.PT1.mes;0
2026-09-27 03:44:10.533;1790473450.533;Armoires[1].ana.PT1.mes;0
2026-09-27 03:44:11.066;1790473451.066;Armoires[0].ana.PT1.mes;0
2026-09-27 03:44:11.066;1790473451.066;Armoires[1].ana.PT1.mes;0
2026-09-27 03:44:11.599;1790473451.599;Armoires[0].ana.PT1.mes;0
2026-09-27 03:44:11.599;1790473451.599;Armoires[1].ana.PT1.mes;0
2026-09-27 03:44:12.133;1790473452.133;Armoires[0].ana.PT1.mes;0
2026-09-27 03:44:12.133;1790473452.133;Armoires[1].ana.PT1.mes;0
2026-09-27 03:44:12.666;1790473452.666;Armoires[0].ana.PT1.mes;0
2026-09-27 03:44:12.666;1790473452.666;Armoires[1].ana.PT1.mes;0
2026-09-27 03:44:13.199;1790473453.199;Armoires[0].ana.PT1.mes;0
2026-09-27 03:44:13.199;1790473453.199;Armoires[1].ana.PT1.mes;0
2026-09-27 03:44:13.733;1790473453.733;Armoires[0].ana.PT1.mes;0
2026-09-27 03:44:13.733;1790473453.733;Armoires[1].ana.PT1.mes;0
2026-09-27 03:44:14.266;1790473454.266;Armoires[0].ana.PT1.mes;0
2026-09-27 03:44:14.266;1790473454.266;Armoires[1].ana.PT1.mes;0
2026-09-27 03:44:14.799;1790473454.799;Armoires[0].ana.PT1.mes;0
2026-09-27 03:44:14.799;1790473454.799;Armoires[1].ana.PT1.mes;0
2026-09-27 03:44:15.333;1790473455.333;Armoires[0].ana.PT1.mes;0
2026-09-27 03:44:15.333;1790473455.333;Armoires[1].ana.PT1.mes;0
2026-09-27 03:44:15.866;1790473455.866;Armoires[0].ana.PT1.mes;0
2026-09-27 03:44:15.866;1790473455.866;Armoires[1].ana.PT1.mes;0
2026-09-27 03:44:16.399;1790473456.399;Armoires[0].ana.PT1.mes;0
2026-09-27 03:44:16.399;1790473456.399;Armoires[1].ana.PT1.mes;0
2026-09-27 03:44:16.933;1790473456.933;Armoires[0].ana.PT1.mes;0
2026-09-27 03:44:16.933;1790473456.933;Armoires[1].ana.PT1.mes;0
2026-09-27 03:44:17.466;1790473457.466;Armoires[0].ana.PT1.mes;0
2026-09-27 03:44:17.466;1790473457.466;Armoires[1].ana.PT1.mes;0
2026-09-27 03:44:17.999;1790473457.999;Armoires[0].ana.PT1.mes;0
2026-09-27 03:44:17.999;1790473457.999;Armoires[1].ana.PT1.mes;0
2026-09-27 03:44:18.533;1790473458.533;Armoires[0].ana.PT1.mes;0
2026-09-27 03:44:18.533;1790473458.533;Armoires[1].ana.PT1.mes;0
2026-09-27 03:44:19.066;1790473459.066;Armoires[0].ana.PT1.mes;0
2026-09-27 03:44:19.066;1790473459.066;Armoires[1].ana.PT1.mes;0
2026-09-27 03:44:19.599;1790473459.599;Armoires[0].ana.PT1.mes;0
2026-09-27 03:44:19.599;1790473459.599;Armoires[1].ana.PT1.mes;0
2026-09-27 03:44:20.133;1790473460.133;Armoires[0].ana.PT1.mes;0
2026-09-27 03:44:20.133;1790473460.133;Armoires[1].ana.PT1.mes;0
2026-09-27 03:44:20.666;1790473460.666;Armoires[0].ana.PT1.mes;0
2026-09-27 03:44:20.666;1790473460.666;Armoires[1].ana.PT1.mes;0
2026-09-27 03:44:21.199;1790473461.199;Armoires[0].ana.PT1.mes;0
2026-09-27 03:44:21.199;1790473461.199;Armoires[1].ana.PT1.mes;0
2026-09-27 03:44:21.733;1790473461.733;Armoires[0].ana.PT1.mes;0
2026-09-27 03:44:21.733;1790473461.733;Armoires[1].ana.PT1.mes;0
2026-09-27 03:44:22.266;1790473462.266;Armoires[0].ana.PT1.mes;0
2026-09-27 03:44:22.266;1790473462.266;Armoires[1].ana.PT1.mes;0
2026-09-27 03:44:22.799;1790473462.799;Armoires[0].ana.PT1.mes;0
2026-09-27 03:44:22.799;1790473462.799;Armoires[1].ana.PT1.mes;0
2026-09-27 03:44:23.333;1790473463.333;Armoires[0].ana.PT1.mes;0
2026-09-27 03:44:23.333;1790473463.333;Armoires[1].ana.PT1.mes;0
2026-09-27 03:44:23.866;1790473463.866;Armoires[0].ana.PT1.mes;0
2026-09-27 03:44:23.866;1790473463.866;Armoires[1].ana.PT1.mes;0
2026-09-27 03:44:24.399;1790473464.399;Armoires[0].ana.PT1.mes;0
2026-09-27 03:44:24.399;1790473464.399;Armoires[1].ana.PT1.mes;0
2026-09-27 03:44:24.933;1790473464.933;Armoires[0].ana.PT1.mes;0
2026-09-27 03:44:24.933;1790473464.933;Armoires[1].ana.PT1.mes;0
2026-09-27 03:44:25.466;1790473465.466;Armoires[0].ana.PT1.mes;0
2026-09-27 03:44:25.466;1790473465.466;Armoires[1].ana.PT1.mes;0
2026-09-27 03:44:25.999;1790473465.999;Armoires[0].ana.PT1.mes;0
2026-09-27 03:44:25.999;1790473465.999;Armoires[1].ana.PT1.mes;0
2026-09-27 03:44:26.533;1790473466.533;Armoires[0].ana.PT1.mes;0
2026-09-27 03:44:26.533;1790473466.533;Armoires[1].ana.PT1.mes;0
2026-09-27 03:44:27.066;1790473467.066;Armoires[0].ana.PT1.mes;0
2026-09-27 03:44:27.066;1790473467.066;Armoires[1].ana.PT1.mes;0
2026-09-27 03:44:27.599;1790473467.599;Armoires[0].ana.PT1.mes;0
2026-09-27 03:44:27.599;1790473467.599;Armoires[1].ana.PT1.mes;0
2026-09-27 03:44:28.133;1790473468.133;Armoires[0].ana.PT1.mes;0
2026-09-27 03:44:28.133;1790473468.133;Armoires[1].ana.PT1.mes;0
2026-09-27 03:44:28.666;1790473468.666;Armoires[0].ana.PT1.mes;0
2026-09-27 03:44:28.666;1790473468.666;Armoires[1].ana.PT1.mes;0
2026-09-27 03:44:29.199;1790473469.199;Armoires[0].ana.PT1.mes;0
2026-09-27 03:44:29.199;1790473469.199;Armoires[1].ana.PT1.mes;0
2026-09-27 03:48:42.455;1790473722.455;Armoires[0].ana.PT1.mes;0
2026-09-27 03:48:42.455;1790473722.455;Armoires[1].ana.PT1.mes;0
2026-09-27 03:48:42.973;1790473722.973;Armoires[0].ana.PT1.mes;0
2026-09-27 03:48:42.973;1790473722.973;Armoires[1].ana.PT1.mes;0
2026-09-27 03:48:43.506;1790473723.506;Armoires[0].ana.PT1.mes;0
2026-09-27 03:48:43.506;1790473723.506;Armoires[1].ana.PT1.mes;0
2026-09-27 03:48:44.040;1790473724.040;Armoires[0].ana.PT1.mes;0
2026-09-27 03:48:44.040;1790473724.040;Armoires[1].ana.PT1.mes;0
2026-09-27 03:48:44.573;1790473724.573;Armoires[0].ana.PT1.mes;0
2026-09-27 03:48:44.573;1790473724.573;Armoires[1].ana.PT1.mes;0
2026-09-27 03:48:45.106;1790473725.106;Armoires[0].ana.PT1.mes;0
2026-09-27 03:48:45.106;1790473725.106;Armoires[1].ana.PT1.mes;0
2026-09-27 03:48:45.640;1790473725.640;Armoires[0].ana.PT1.mes;0
2026-09-27 03:48:45.640;1790473725.640;Armoires[1].ana.PT1.mes;0
2026-09-27 03:48:46.173;1790473726.173;Armoires[0].ana.PT1.mes;0
2026-09-27 03:48:46.173;1790473726.173;Armoires[1].ana.PT1.mes;0
2026-09-27 03:48:46.706;1790473726.706;Armoires[0].ana.PT1.mes;0
2026-09-27 03:48:46.706;1790473726.706;Armoires[1].ana.PT1.mes;0
2026-09-27 03:48:47.240;1790473727.240;Armoires[0].ana.PT1.mes;0
2026-09-27 03:48:47.240;1790473727.240;Armoires[1].ana.PT1.mes;0
2026-09-27 03:48:47.773;1790473727.773;Armoires[0].ana.PT1.mes;0
2026-09-27 03:48:47.773;1790473727.773;Armoires[1].ana.PT1.mes;0
2026-09-27 03:48:48.306;1790473728.306;Armoires[0].ana.PT1.mes;0
2026-09-27 03:48:48.306;1790473728.306;Armoires[1].ana.PT1.mes;0
2026-09-27 03:48:48.840;1790473728.840;Armoires[0].ana.PT1.mes;0
2026-09-27 03:48:48.840;1790473728.840;Armoires[1].ana.PT1.mes;0
2026-09-27 03:48:49.373;1790473729.373;Armoires[0].ana.PT1.mes;0
2026-09-27 03:48:49.373;1790473729.373;Armoires[1].ana.PT1.mes;0
2026-09-27 03:48:49.906;1790473729.906;Armoires[0].ana.PT1.mes;0
2026-09-27 03:48:49.906;1790473729.906;Armoires[1].ana.PT1.mes;0
2026-09-27 03:48:50.440;1790473730.440;Armoires[0].ana.PT1.mes;0
2026-09-27 03:48:50.440;1790473730.440;Armoires[1].ana.PT1.mes;0
2026-09-27 03:48:50.973;1790473730.973;Armoires[0].ana.PT1.mes;0
2026-09-27 03:48:50.973;1790473730.973;Armoires[1].ana.PT1.mes;0
2026-09-27 03:48:51.506;1790473731.506;Armoires[0].ana.PT1.mes;0
2026-09-27 03:48:51.506;1790473731.506;Armoires[1].ana.PT1.mes;0
2026-09-27 03:48:52.040;1790473732.040;Armoires[0].ana.PT1.mes;0
2026-09-27 03:48:52.040;1790473732.040;Armoires[1].ana.PT1.mes;0
2026-09-27 03:48:52.573;1790473732.573;Armoires[0].ana.PT1.mes;0
2026-09-27 03:48:52.573;1790473732.573;Armoires[1].ana.PT1.mes;0
2026-09-27 03:48:53.106;1790473733.106;Armoires[0].ana.PT1.mes;0
2026-09-27 03:48:53.106;1790473733.106;Armoires[1].ana.PT1.mes;0
2026-09-27 03:48:53.640;1790473733.640;Armoires[0].ana.PT1.mes;0
2026-09-27 03:48:53.640;1790473733.640;Armoires[1].ana.PT1.mes;0
2026-09-27 03:48:54.173;1790473734.173;Armoires[0].ana.PT1.mes;0
2026-09-27 03:48:54.173;1790473734.173;Armoires[1].ana.PT1.mes;0
2026-09-27 03:48:54.706;1790473734.706;Armoires[0].ana.PT1.mes;0
2026-09-27 03:48:54.706;1790473734.706;Armoires[1].ana.PT1.mes;0
2026-09-27 03:48:55.240;1790473735.240;Armoires[0].ana.PT1.mes;0
2026-09-27 03:48:55.240;1790473735.240;Armoires[1].ana.PT1.mes;0
2026-09-27 03:48:55.773;1790473735.773;Armoires[0].ana.PT1.mes;0
2026-09-27 03:48:55.773;1790473735.773;Armoires[1].ana.PT1.mes;0
2026-09-27 03:48:56.306;1790473736.306;Armoires[0].ana.PT1.mes;0
2026-09-27 03:48:56.306;1790473736.306;Armoires[1].ana.PT1.mes;0
2026-09-27 03:50:11.130;1790473811.130;Armoires[0].ana.PT1.mes;7.25
2026-09-27 03:50:11.130;1790473811.130;Armoires[1].ana.PT1.mes;6.8
2026-09-27 03:50:11.663;1790473811.663;Armoires[0].ana.PT1.mes;7.25
2026-09-27 03:50:11.663;1790473811.663;Armoires[1].ana.PT1.mes;6.8
2026-09-27 03:50:12.196;1790473812.196;Armoires[0].ana.PT1.mes;7.25
2026-09-27 03:50:12.196;1790473812.196;Armoires[1].ana.PT1.mes;6.8
2026-09-27 03:50:12.730;1790473812.730;Armoires[0].ana.PT1.mes;7.25
2026-09-27 03:50:12.730;1790473812.730;Armoires[1].ana.PT1.mes;6.8
2026-09-27 03:50:13.263;1790473813.263;Armoires[0].ana.PT1.mes;7.25
2026-09-27 03:50:13.263;1790473813.263;Armoires[1].ana.PT1.mes;6.8
2026-09-27 03:50:14.030;1790473814.030;Armoires[0].ana.PT1.mes;7.25
2026-09-27 03:50:14.030;1790473814.030;Armoires[1].ana.PT1.mes;6.8
2026-09-27 03:50:14.563;1790473814.563;Armoires[0].ana.PT1.mes;7.25
2026-09-27 03:50:14.563;1790473814.563;Armoires[1].ana.PT1.mes;6.8
2026-09-27 03:50:15.096;1790473815.096;Armoires[0].ana.PT1.mes;7.25
2026-09-27 03:50:15.096;1790473815.096;Armoires[1].ana.PT1.mes;6.8
2026-09-27 03:50:15.630;1790473815.630;Armoires[0].ana.PT1.mes;7.25
2026-09-27 03:50:15.630;1790473815.630;Armoires[1].ana.PT1.mes;6.8
2026-09-27 03:50:16.163;1790473816.163;Armoires[0].ana.PT1.mes;7.25
2026-09-27 03:50:16.163;1790473816.163;Armoires[1].ana.PT1.mes;6.8
2026-09-27 03:50:16.696;1790473816.696;Armoires[0].ana.PT1.mes;7.25
2026-09-27 03:50:16.696;1790473816.696;Armoires[1].ana.PT1.mes;6.8
2026-09-27 03:50:17.230;1790473817.230;Armoires[0].ana.PT1.mes;7.25
2026-09-27 03:50:17.230;1790473817.230;Armoires[1].ana.PT1.mes;6.8
2026-09-27 03:50:25.363;1790473825.363;Armoires[0].ana.PT1.mes;7.25
2026-09-27 03:50:25.363;1790473825.363;Armoires[1].ana.PT1.mes;6.8
2026-09-27 03:50:25.896;1790473825.896;Armoires[0].ana.PT1.mes;7.25
2026-09-27 03:50:25.896;1790473825.896;Armoires[1].ana.PT1.mes;6.8
2026-09-27 03:50:26.430;1790473826.430;Armoires[0].ana.PT1.mes;7.25
2026-09-27 03:50:26.430;1790473826.430;Armoires[1].ana.PT1.mes;6.8
2026-09-27 03:50:26.963;1790473826.963;Armoires[0].ana.PT1.mes;7.25
2026-09-27 03:50:26.963;1790473826.963;Armoires[1].ana.PT1.mes;6.8
2026-09-27 03:50:48.108;1790473848.108;Armoires[0].ana.PT1.mes;7.25
2026-09-27 03:50:48.108;1790473848.108;Armoires[1].ana.PT1.mes;6.8
2026-09-27 03:50:48.642;1790473848.642;Armoires[0].ana.PT1.mes;7.25
2026-09-27 03:50:48.642;1790473848.642;Armoires[1].ana.PT1.mes;6.8
2026-09-27 03:50:49.175;1790473849.175;Armoires[0].ana.PT1.mes;7.25
2026-09-27 03:50:49.175;1790473849.175;Armoires[1].ana.PT1.mes;6.8
2026-09-27 03:50:49.708;1790473849.708;Armoires[0].ana.PT1.mes;7.25
2026-09-27 03:50:49.708;1790473849.708;Armoires[1].ana.PT1.mes;6.8
2026-09-27 03:50:50.242;1790473850.242;Armoires[0].ana.PT1.mes;7.25
2026-09-27 03:50:50.242;1790473850.242;Armoires[1].ana.PT1.mes;6.8
2026-09-27 03:50:55.244;1790473855.244;Armoires[0].ana.PT1.mes;0
2026-09-27 03:50:55.244;1790473855.244;Armoires[1].ana.PT1.mes;0
2026-09-27 03:50:55.777;1790473855.777;Armoires[0].ana.PT1.mes;0
2026-09-27 03:50:55.777;1790473855.777;Armoires[1].ana.PT1.mes;0
2026-09-27 03:50:56.311;1790473856.311;Armoires[0].ana.PT1.mes;0
2026-09-27 03:50:56.311;1790473856.311;Armoires[1].ana.PT1.mes;0
2026-09-27 03:50:56.844;1790473856.844;Armoires[0].ana.PT1.mes;0
2026-09-27 03:50:56.844;1790473856.844;Armoires[1].ana.PT1.mes;0
2026-09-27 03:50:57.377;1790473857.377;Armoires[0].ana.PT1.mes;0
2026-09-27 03:50:57.377;1790473857.377;Armoires[1].ana.PT1.mes;0
2026-09-27 03:50:57.911;1790473857.911;Armoires[0].ana.PT1.mes;0
2026-09-27 03:50:57.911;1790473857.911;Armoires[1].ana.PT1.mes;0
2026-09-27 03:50:58.444;1790473858.444;Armoires[0].ana.PT1.mes;25
2026-09-27 03:50:58.444;1790473858.444;Armoires[1].ana.PT1.mes;0
2026-09-27 03:50:58.977;1790473858.977;Armoires[0].ana.PT1.mes;25
2026-09-27 03:50:58.977;1790473858.977;Armoires[1].ana.PT1.mes;0
2026-09-27 03:50:59.511;1790473859.511;Armoires[0].ana.PT1.mes;25
2026-09-27 03:50:59.511;1790473859.511;Armoires[1].ana.PT1.mes;0
2026-09-27 03:51:00.044;1790473860.044;Armoires[0].ana.PT1.mes;0.4
2026-09-27 03:51:00.044;1790473860.044;Armoires[1].ana.PT1.mes;0
2026-09-27 03:51:00.577;1790473860.577;Armoires[0].ana.PT1.mes;0.4
2026-09-27 03:51:00.577;1790473860.577;Armoires[1].ana.PT1.mes;0
2026-09-27 03:51:01.111;1790473861.111;Armoires[0].ana.PT1.mes;0.4
2026-09-27 03:51:01.111;1790473861.111;Armoires[1].ana.PT1.mes;0
2026-09-27 03:51:01.644;1790473861.644;Armoires[0].ana.PT1.mes;0.4
2026-09-27 03:51:01.644;1790473861.644;Armoires[1].ana.PT1.mes;0
2026-09-27 03:51:08.611;1790473868.611;Armoires[0].ana.PT1.mes;0.4
2026-09-27 03:51:08.611;1790473868.611;Armoires[1].ana.PT1.mes;0
2026-09-27 03:51:09.144;1790473869.144;Armoires[0].ana.PT1.mes;0.4
2026-09-27 03:51:09.144;1790473869.144;Armoires[1].ana.PT1.mes;0
2026-09-27 03:51:09.677;1790473869.677;Armoires[0].ana.PT1.mes;0.4
2026-09-27 03:51:09.677;1790473869.677;Armoires[1].ana.PT1.mes;0
2026-09-27 03:51:10.211;1790473870.211;Armoires[0].ana.PT1.mes;0.4
2026-09-27 03:51:10.211;1790473870.211;Armoires[1].ana.PT1.mes;0
2026-09-27 03:51:10.744;1790473870.744;Armoires[0].ana.PT1.mes;0.4
2026-09-27 03:51:10.744;1790473870.744;Armoires[1].ana.PT1.mes;0
2026-09-27 03:51:11.277;1790473871.277;Armoires[0].ana.PT1.mes;0.4
2026-09-27 03:51:11.277;1790473871.277;Armoires[1].ana.PT1.mes;0
2026-09-27 03:51:11.811;1790473871.811;Armoires[0].ana.PT1.mes;0.4
2026-09-27 03:51:11.811;1790473871.811;Armoires[1].ana.PT1.mes;0
2026-09-27 03:51:12.344;1790473872.344;Armoires[0].ana.PT1.mes;0.4
2026-09-27 03:51:12.344;1790473872.344;Armoires[1].ana.PT1.mes;0
2026-09-27 03:51:12.877;1790473872.877;Armoires[0].ana.PT1.mes;0.4
2026-09-27 03:51:12.877;1790473872.877;Armoires[1].ana.PT1.mes;0
2026-09-27 03:51:13.411;1790473873.411;Armoires[0].ana.PT1.mes;0.4
2026-09-27 03:51:13.411;1790473873.411;Armoires[1].ana.PT1.mes;0
2026-09-27 03:51:13.944;1790473873.944;Armoires[0].ana.PT1.mes;0.4
2026-09-27 03:51:13.944;1790473873.944;Armoires[1].ana.PT1.mes;0
2026-09-27 03:51:14.477;1790473874.477;Armoires[0].ana.PT1.mes;0.4
2026-09-27 03:51:14.477;1790473874.477;Armoires[1].ana.PT1.mes;0
2026-09-27 03:51:15.011;1790473875.011;Armoires[0].ana.PT1.mes;0.4
2026-09-27 03:51:15.011;1790473875.011;Armoires[1].ana.PT1.mes;0
2026-09-27 03:51:15.544;1790473875.544;Armoires[0].ana.PT1.mes;0.4
2026-09-27 03:51:15.544;1790473875.544;Armoires[1].ana.PT1.mes;0
2026-09-27 03:51:16.077;1790473876.077;Armoires[0].ana.PT1.mes;0.4
2026-09-27 03:51:16.077;1790473876.077;Armoires[1].ana.PT1.mes;0
2026-09-27 03:51:16.611;1790473876.611;Armoires[0].ana.PT1.mes;0.4
2026-09-27 03:51:16.611;1790473876.611;Armoires[1].ana.PT1.mes;0
2026-09-27 03:51:17.144;1790473877.144;Armoires[0].ana.PT1.mes;0.4
2026-09-27 03:51:17.144;1790473877.144;Armoires[1].ana.PT1.mes;0
2026-09-27 03:51:17.677;1790473877.677;Armoires[0].ana.PT1.mes;0.4
2026-09-27 03:51:17.677;1790473877.677;Armoires[1].ana.PT1.mes;0
2026-09-27 03:51:18.211;1790473878.211;Armoires[0].ana.PT1.mes;0.4
2026-09-27 03:51:18.211;1790473878.211;Armoires[1].ana.PT1.mes;0
2026-09-27 03:51:18.744;1790473878.744;Armoires[0].ana.PT1.mes;0.4
2026-09-27 03:51:18.744;1790473878.744;Armoires[1].ana.PT1.mes;0
2026-09-27 03:51:19.277;1790473879.277;Armoires[0].ana.PT1.mes;0.4
2026-09-27 03:51:19.277;1790473879.277;Armoires[1].ana.PT1.mes;0
2026-09-27 03:51:19.811;1790473879.811;Armoires[0].ana.PT1.mes;0.4
2026-09-27 03:51:19.811;1790473879.811;Armoires[1].ana.PT1.mes;0
2026-09-27 03:51:20.344;1790473880.344;Armoires[0].ana.PT1.mes;0.4
2026-09-27 03:51:20.344;1790473880.344;Armoires[1].ana.PT1.mes;0
2026-09-27 03:51:20.877;1790473880.877;Armoires[0].ana.PT1.mes;0.4
2026-09-27 03:51:20.877;1790473880.877;Armoires[1].ana.PT1.mes;0
2026-09-27 03:51:21.411;1790473881.411;Armoires[0].ana.PT1.mes;0.4
2026-09-27 03:51:21.411;1790473881.411;Armoires[1].ana.PT1.mes;0
2026-09-27 03:51:21.944;1790473881.944;Armoires[0].ana.PT1.mes;0.4
2026-09-27 03:51:21.944;1790473881.944;Armoires[1].ana.PT1.mes;0
2026-09-27 03:51:22.477;1790473882.477;Armoires[0].ana.PT1.mes;0.4
2026-09-27 03:51:22.477;1790473882.477;Armoires[1].ana.PT1.mes;0
2026-09-27 03:51:23.011;1790473883.011;Armoires[0].ana.PT1.mes;0.4
2026-09-27 03:51:23.011;1790473883.011;Armoires[1].ana.PT1.mes;0
2026-09-27 03:51:23.544;1790473883.544;Armoires[0].ana.PT1.mes;0.4
2026-09-27 03:51:23.544;1790473883.544;Armoires[1].ana.PT1.mes;0
2026-09-27 03:51:24.077;1790473884.077;Armoires[0].ana.PT1.mes;0.4
2026-09-27 03:51:24.077;1790473884.077;Armoires[1].ana.PT1.mes;0
2026-09-27 03:51:24.611;1790473884.611;Armoires[0].ana.PT1.mes;0.4
2026-09-27 03:51:24.611;1790473884.611;Armoires[1].ana.PT1.mes;0
2026-09-27 03:54:37.850;1790474077.850;Armoires[0].ana.PT1.mes;0
2026-09-27 03:54:37.850;1790474077.850;Armoires[1].ana.PT1.mes;0
2026-09-27 03:54:38.384;1790474078.384;Armoires[0].ana.PT1.mes;0
2026-09-27 03:54:38.384;1790474078.384;Armoires[1].ana.PT1.mes;0
2026-09-27 03:54:38.917;1790474078.917;Armoires[0].ana.PT1.mes;0
2026-09-27 03:54:38.917;1790474078.917;Armoires[1].ana.PT1.mes;0
2026-09-27 03:54:39.450;1790474079.450;Armoires[0].ana.PT1.mes;0
2026-09-27 03:54:39.450;1790474079.450;Armoires[1].ana.PT1.mes;0
2026-09-27 03:54:39.984;1790474079.984;Armoires[0].ana.PT1.mes;0
2026-09-27 03:54:39.984;1790474079.984;Armoires[1].ana.PT1.mes;0
2026-09-27 03:54:40.517;1790474080.517;Armoires[0].ana.PT1.mes;0
2026-09-27 03:54:40.517;1790474080.517;Armoires[1].ana.PT1.mes;0
2026-09-27 03:54:41.050;1790474081.050;Armoires[0].ana.PT1.mes;0
2026-09-27 03:54:41.050;1790474081.050;Armoires[1].ana.PT1.mes;0
2026-09-27 03:54:41.584;1790474081.584;Armoires[0].ana.PT1.mes;0
2026-09-27 03:54:41.584;1790474081.584;Armoires[1].ana.PT1.mes;0
2026-09-27 03:54:42.117;1790474082.117;Armoires[0].ana.PT1.mes;0
2026-09-27 03:54:42.117;1790474082.117;Armoires[1].ana.PT1.mes;0
2026-09-27 03:54:42.650;1790474082.650;Armoires[0].ana.PT1.mes;0
2026-09-27 03:54:42.650;1790474082.650;Armoires[1].ana.PT1.mes;0
2026-09-27 04:00:48.243;1790474448.243;Armoires[0].ana.PT1.mes;0
2026-09-27 04:00:48.243;1790474448.243;Armoires[1].ana.PT1.mes;0
2026-09-27 04:00:48.776;1790474448.776;Armoires[0].ana.PT1.mes;0
2026-09-27 04:00:48.776;1790474448.776;Armoires[1].ana.PT1.mes;0
2026-09-27 04:00:49.310;1790474449.310;Armoires[0].ana.PT1.mes;0
2026-09-27 04:00:49.310;1790474449.310;Armoires[1].ana.PT1.mes;0
2026-09-27 04:00:49.843;1790474449.843;Armoires[0].ana.PT1.mes;0
2026-09-27 04:00:49.843;1790474449.843;Armoires[1].ana.PT1.mes;0
2026-09-27 04:00:50.376;1790474450.376;Armoires[0].ana.PT1.mes;0
2026-09-27 04:00:50.376;1790474450.376;Armoires[1].ana.PT1.mes;0
2026-09-27 04:00:50.910;1790474450.910;Armoires[0].ana.PT1.mes;0
2026-09-27 04:00:50.910;1790474450.910;Armoires[1].ana.PT1.mes;0
2026-09-27 04:00:51.443;1790474451.443;Armoires[0].ana.PT1.mes;0
2026-09-27 04:00:51.443;1790474451.443;Armoires[1].ana.PT1.mes;0
2026-09-27 04:00:51.976;1790474451.976;Armoires[0].ana.PT1.mes;0
2026-09-27 04:00:51.976;1790474451.976;Armoires[1].ana.PT1.mes;0
2026-09-27 04:00:52.510;1790474452.510;Armoires[0].ana.PT1.mes;0
2026-09-27 04:00:52.510;1790474452.510;Armoires[1].ana.PT1.mes;0
2026-09-27 04:00:53.043;1790474453.043;Armoires[0].ana.PT1.mes;0
2026-09-27 04:00:53.043;1790474453.043;Armoires[1].ana.PT1.mes;0
2026-09-27 04:00:53.576;1790474453.576;Armoires[0].ana.PT1.mes;0
2026-09-27 04:00:53.576;1790474453.576;Armoires[1].ana.PT1.mes;0
2026-09-27 04:00:54.110;1790474454.110;Armoires[0].ana.PT1.mes;0
2026-09-27 04:00:54.110;1790474454.110;Armoires[1].ana.PT1.mes;0
2026-09-27 04:00:54.643;1790474454.643;Armoires[0].ana.PT1.mes;0
2026-09-27 04:00:54.643;1790474454.643;Armoires[1].ana.PT1.mes;0
2026-09-27 04:00:55.176;1790474455.176;Armoires[0].ana.PT1.mes;0
2026-09-27 04:00:55.176;1790474455.176;Armoires[1].ana.PT1.mes;0
2026-09-27 04:00:55.710;1790474455.710;Armoires[0].ana.PT1.mes;0
2026-09-27 04:00:55.710;1790474455.710;Armoires[1].ana.PT1.mes;0
2026-09-27 04:00:56.243;1790474456.243;Armoires[0].ana.PT1.mes;0
2026-09-27 04:00:56.243;1790474456.243;Armoires[1].ana.PT1.mes;0
2026-09-27 04:00:56.776;1790474456.776;Armoires[0].ana.PT1.mes;0
2026-09-27 04:00:56.776;1790474456.776;Armoires[1].ana.PT1.mes;0
2026-09-27 04:00:57.310;1790474457.310;Armoires[0].ana.PT1.mes;0
2026-09-27 04:00:57.310;1790474457.310;Armoires[1].ana.PT1.mes;0
2026-09-27 04:00:57.843;1790474457.843;Armoires[0].ana.PT1.mes;0
2026-09-27 04:00:57.843;1790474457.843;Armoires[1].ana.PT1.mes;0
2026-09-27 04:00:58.376;1790474458.376;Armoires[0].ana.PT1.mes;0
2026-09-27 04:00:58.376;1790474458.376;Armoires[1].ana.PT1.mes;0
2026-09-27 04:00:58.910;1790474458.910;Armoires[0].ana.PT1.mes;0
2026-09-27 04:00:58.910;1790474458.910;Armoires[1].ana.PT1.mes;0
2026-09-27 04:00:59.443;1790474459.443;Armoires[0].ana.PT1.mes;0
2026-09-27 04:00:59.443;1790474459.443;Armoires[1].ana.PT1.mes;0
2026-09-27 04:00:59.976;1790474459.976;Armoires[0].ana.PT1.mes;0
2026-09-27 04:00:59.976;1790474459.976;Armoires[1].ana.PT1.mes;0
2026-09-27 04:01:00.510;1790474460.510;Armoires[0].ana.PT1.mes;0
2026-09-27 04:01:00.510;1790474460.510;Armoires[1].ana.PT1.mes;0
2026-09-27 04:01:01.043;1790474461.043;Armoires[0].ana.PT1.mes;0
2026-09-27 04:01:01.043;1790474461.043;Armoires[1].ana.PT1.mes;0
2026-09-27 04:01:01.576;1790474461.576;Armoires[0].ana.PT1.mes;0
2026-09-27 04:01:01.576;1790474461.576;Armoires[1].ana.PT1.mes;0
2026-09-27 04:01:02.110;1790474462.110;Armoires[0].ana.PT1.mes;0
2026-09-27 04:01:02.110;1790474462.110;Armoires[1].ana.PT1.mes;0
2026-09-27 04:01:02.643;1790474462.643;Armoires[0].ana.PT1.mes;0
2026-09-27 04:01:02.643;1790474462.643;Armoires[1].ana.PT1.mes;0
2026-09-27 04:01:03.176;1790474463.176;Armoires[0].ana.PT1.mes;0
2026-09-27 04:01:03.176;1790474463.176;Armoires[1].ana.PT1.mes;0
2026-09-27 04:01:03.710;1790474463.710;Armoires[0].ana.PT1.mes;0
2026-09-27 04:01:03.710;1790474463.710;Armoires[1].ana.PT1.mes;0
2026-09-27 04:01:04.243;1790474464.243;Armoires[0].ana.PT1.mes;0
2026-09-27 04:01:04.243;1790474464.243;Armoires[1].ana.PT1.mes;0
2026-09-27 04:01:04.776;1790474464.776;Armoires[0].ana.PT1.mes;0
2026-09-27 04:01:04.776;1790474464.776;Armoires[1].ana.PT1.mes;0
2026-09-27 04:01:05.310;1790474465.310;Armoires[0].ana.PT1.mes;0
2026-09-27 04:01:05.310;1790474465.310;Armoires[1].ana.PT1.mes;0
2026-09-27 04:01:05.843;1790474465.843;Armoires[0].ana.PT1.mes;0
2026-09-27 04:01:05.843;1790474465.843;Armoires[1].ana.PT1.mes;0
2026-09-27 04:01:06.376;1790474466.376;Armoires[0].ana.PT1.mes;0
2026-09-27 04:01:06.376;1790474466.376;Armoires[1].ana.PT1.mes;0
2026-09-27 04:01:06.910;1790474466.910;Armoires[0].ana.PT1.mes;0
2026-09-27 04:01:06.910;1790474466.910;Armoires[1].ana.PT1.mes;0
2026-09-27 04:01:07.443;1790474467.443;Armoires[0].ana.PT1.mes;0
2026-09-27 04:01:07.443;1790474467.443;Armoires[1].ana.PT1.mes;0
2026-09-27 04:01:07.976;1790474467.976;Armoires[0].ana.PT1.mes;0
2026-09-27 04:01:07.976;1790474467.976;Armoires[1].ana.PT1.mes;0
2026-09-27 04:01:08.510;1790474468.510;Armoires[0].ana.PT1.mes;0
2026-09-27 04:01:08.510;1790474468.510;Armoires[1].ana.PT1.mes;0
2026-09-27 04:01:09.043;1790474469.043;Armoires[0].ana.PT1.mes;0
2026-09-27 04:01:09.043;1790474469.043;Armoires[1].ana.PT1.mes;0
2026-09-27 04:01:09.576;1790474469.576;Armoires[0].ana.PT1.mes;0
2026-09-27 04:01:09.576;1790474469.576;Armoires[1].ana.PT1.mes;0
2026-09-27 04:01:10.110;1790474470.110;Armoires[0].ana.PT1.mes;0
2026-09-27 04:01:10.110;1790474470.110;Armoires[1].ana.PT1.mes;0
2026-09-27 04:01:10.643;1790474470.643;Armoires[0].ana.PT1.mes;0
2026-09-27 04:01:10.643;1790474470.643;Armoires[1].ana.PT1.mes;0
2026-09-27 04:01:11.176;1790474471.176;Armoires[0].ana.PT1.mes;0
2026-09-27 04:01:11.176;1790474471.176;Armoires[1].ana.PT1.mes;0
2026-09-27 04:01:11.710;1790474471.710;Armoires[0].ana.PT1.mes;0
2026-09-27 04:01:11.710;1790474471.710;Armoires[1].ana.PT1.mes;0
2026-09-27 04:01:12.243;1790474472.243;Armoires[0].ana.PT1.mes;0
2026-09-27 04:01:12.243;1790474472.243;Armoires[1].ana.PT1.mes;0
2026-09-27 04:01:12.776;1790474472.776;Armoires[0].ana.PT1.mes;0
2026-09-27 04:01:12.776;1790474472.776;Armoires[1].ana.PT1.mes;0
2026-09-27 04:01:13.310;1790474473.310;Armoires[0].ana.PT1.mes;0
2026-09-27 04:01:13.310;1790474473.310;Armoires[1].ana.PT1.mes;0
2026-09-27 04:01:13.843;1790474473.843;Armoires[0].ana.PT1.mes;0
2026-09-27 04:01:13.843;1790474473.843;Armoires[1].ana.PT1.mes;0
2026-09-27 04:01:14.376;1790474474.376;Armoires[0].ana.PT1.mes;0
2026-09-27 04:01:14.376;1790474474.376;Armoires[1].ana.PT1.mes;0
2026-09-27 04:01:14.910;1790474474.910;Armoires[0].ana.PT1.mes;0
2026-09-27 04:01:14.910;1790474474.910;Armoires[1].ana.PT1.mes;0
2026-09-27 04:01:15.443;1790474475.443;Armoires[0].ana.PT1.mes;0
2026-09-27 04:01:15.443;1790474475.443;Armoires[1].ana.PT1.mes;0
2026-09-27 04:02:58.179;1790474578.179;Armoires[0].ana.PT1.mes;0
2026-09-27 04:02:58.179;1790474578.179;Armoires[1].ana.PT1.mes;0
2026-09-27 04:02:58.712;1790474578.712;Armoires[0].ana.PT1.mes;0
2026-09-27 04:02:58.712;1790474578.712;Armoires[1].ana.PT1.mes;0
2026-09-27 04:02:59.246;1790474579.246;Armoires[0].ana.PT1.mes;0
2026-09-27 04:02:59.246;1790474579.246;Armoires[1].ana.PT1.mes;0
